Symbol ,Series ,LTP ,%chng ,Mkt Cap (₹ Crores),Volume (Lakhs),Value (₹ Crores)
RAIN,EQ,167.59,15.86,5636.82,265.95,431.16
AEROFLEX,EQ,187.1,12.19,2419.58,196.14,365.36
DREDGECORP,EQ,1134.8,13.4,3177.44,23.95,268.33
BALUFORGE,EQ,391.9,9.99,4467.34,68.97,254.4
TEJASNET,EQ,327.8,-3.32,5819.85,65.28,218.32
PRECAM,EQ,155.9,13.65,1480.83,107.15,168.18
MOSCHIP,EQ,205.05,9.46,3956.77,67.45,134.69
SHADOWFAX,EQ,100.07,-9.01,5785.38,106.35,110.81
MODEFENCE,EQ,88.12,-1.71,1186.98,122.35,109.05
POCL,EQ,1262.6,-0.32,3852.35,8.37,102.75
STLTECH,EQ,96.46,-6.78,4708.25,100.7,101.62
BLISSGVS,EQ,182.49,8.8,1930.54,51.79,93.13
RAMCOSYS,EQ,448.45,5.49,1677.74,18.59,86.88
INFOBEAN,EQ,830,-6.47,2029.8,9.48,81.85
RATNAVEER,EQ,155.77,11.21,1025.63,51.19,79.29
TFCILTD,EQ,65.66,2.75,3039.91,106.26,68.97
MAHLOG,EQ,344.75,1.53,3420.7,18.99,65.78
GROWWSLVR,EQ,354.87,5.47,555,18.15,64.59
DBREALTY,EQ,105.24,3.25,5674.59,58.72,63.08
ANTELOPUS,EQ,573.65,-0.59,2017.09,10.45,60.09
HERITGFOOD,EQ,363.4,-8.38,3372.21,15.41,55.93
SJS,EQ,1608.8,-3.24,5144.34,3.38,54.71
KITEX,EQ,177.27,-5.82,3536.54,30.31,54.15
PARAS,EQ,698,1.81,5625,7.7,53.21
SKIPPER,EQ,372.9,2.81,4210.19,12.4,45.12
RMDRIP,EQ,104.3,0.98,2605.41,41.08,42.77
KMEW,EQ,1844.7,8.05,4509.2,2.18,39.54
BAJAJCON,EQ,323.7,0.42,4228.12,12.1,39.04
JARO,EQ,505.5,1.78,1120,7.09,36.38
BALAMINES,EQ,1183,-3.02,3833.04,2.97,35.67
SUBROS,EQ,821,6.09,5355.86,4.15,33.92
QUADFUTURE,EQ,312.55,3.12,1250.2,10.64,33.21
RNBDENIMS,EQ,154.45,1.58,1389.64,21.37,32.85
HCC,EQ,19.71,-2.47,5162.97,155.47,31
RALLIS,EQ,273.75,-0.54,5323.59,11.34,30.82
PTC,EQ,174.75,0.06,5172.75,16.79,29.51
GOKEX,EQ,540.65,-3.47,3959.71,5.38,29.49
VINCOFE,EQ,149.5,1.87,2159.35,18.22,26.9
JINDRILL,EQ,477.4,-9.35,1383.56,5.53,26.73
HDFCSML250,EQ,157.16,-0.34,1593.71,16.67,26.2
GRMOVER,EQ,161.11,-0.43,2965.33,16.28,25.97
CRAMC,EQ,252.9,1.16,5043.27,9.7,24.71
VIMTALABS,EQ,423.45,-7.23,1890.08,5.62,24.61
KIRIINDUS,EQ,471.75,-0.57,2831.56,5.09,24.06
WEBELSOLAR,EQ,84.66,3.32,3573.19,28.24,23.63
AVANTEL,EQ,146,1.75,3875.82,16.28,23.45
APEX,EQ,304.5,0,951.56,7.6,23.15
JTLIND,EQ,73.11,-1.24,2793.11,31.34,23.11
KAMDHENU,EQ,22.93,4.09,646.36,99.57,23.06
WHEELS,EQ,763.95,3.67,1866.56,2.85,22.09
QPOWER,EQ,612.2,2.65,4741.13,3.68,22.08
PRECWIRE,EQ,250.7,1.13,4583,8.61,21.65
SWSOLAR,EQ,182.2,-3.66,4254.95,11.54,21.24
AGIIL,EQ,265.35,4.18,3241.71,8.11,21.11
STALLION,EQ,192.9,-2.97,1530.18,9.96,20.04
SMLMAH,EQ,3616.7,-1.37,5233.96,0.54,19.75
RBA,EQ,63.88,-0.36,3722.59,30.74,19.65
EPACKPEB,EQ,199.65,5,2005.52,10.01,19.33
AVALON,EQ,805,1.4,5374.1,2.39,19.08
LIQUIDADD,EQ,1111.23,0.01,1838.2,1.7,18.91
SIGACHI,EQ,20.12,-2.04,768.82,91.86,18.46
SEAMECLTD,EQ,1250,3.5,3178.13,1.46,18.24
ARSSBL,EQ,588,-1.67,3688.24,2.93,17.35
DYNAMATECH,EQ,8128,-0.5,5520.08,0.2,16.86
WANBURY,EQ,220.24,17.19,768.46,7.77,16.27
JSFB,EQ,363.25,-0.51,3824.07,4.43,16.04
DATAMATICS,EQ,672.6,-2.71,3975.5,2.4,15.85
FIEMIND,EQ,2074.5,-4.7,5460.01,0.75,15.73
SAMHI,EQ,170,-3.89,3760.5,9.03,15.7
VAIBHAVGBL,EQ,219.79,-6.21,3671.22,7.04,15.7
SINDHUTRAD,EQ,21.6,6.93,3330.57,72.9,15.64
KRISHNADEF,EQ,971.95,1.63,1450.05,1.55,15.05
ADVENZYMES,EQ,297,5.98,3324.23,5.12,15.02
FEDFINA,EQ,153.76,-1.84,5752,9.64,15
PATELENG,EQ,28.39,-1.93,2816.69,52.31,14.9
AWHCL,EQ,549.35,-2.22,1559.17,2.69,14.9
PROTEAN,EQ,622,2.18,2526.36,2.41,14.88
ASIANTILES,EQ,72.5,1.47,1681.36,20.71,14.79
SENCO,EQ,310,-1.65,5075.27,4.72,14.76
WALCHANNAG,EQ,173.23,-2.12,1175.23,8.47,14.69
SAMBHV,EQ,90.62,2.65,2670.31,15.49,14.17
EPACK,EQ,219.1,-2.6,2108.37,6.38,14.1
SHILCTECH,EQ,3371,-1.85,3856.49,0.42,13.83
MEIL,EQ,267.45,-6.76,738.97,5.27,13.81
SBC,EQ,28.94,0.87,1378.09,47.16,13.6
REFEX,EQ,223.8,-3.2,3068.96,6.03,13.49
TEXRAIL,EQ,127.32,-1.11,5180.2,10.49,13.47
OSWALPUMPS,EQ,382.55,-0.44,4360.21,3.56,13.46
MAFANG,EQ,170.06,2.27,4205.64,7.85,13.34
RICOAUTO,EQ,117.1,-2.44,1584.19,11.19,13.09
QUESS,EQ,205.5,1.61,3066.12,6.36,13.08
SOMANYCERA,EQ,408.85,5.61,1676.81,3.13,12.82
INTERARCH,EQ,1900.1,-4.05,3186.82,0.66,12.62
PARAGMILK,EQ,250.55,-3.6,3134.62,4.98,12.57
SHREEJISPG,EQ,310.8,0.03,5063.5,4.01,12.56
LIQUID1,EQ,1089.11,0.02,1652.31,1.15,12.51
LIQUIDPLUS,EQ,1070.52,0.01,522.5,1.16,12.41
SMCGLOBAL,EQ,78.47,3.65,1643.16,15.61,12.33
SFL,EQ,505,-3.97,5489.89,2.43,12.29
PRAJIND,EQ,280.7,-2.28,5159.63,4.26,12.03
ZAGGLE,EQ,284.5,-2.62,3825.16,4.16,11.81
KERNEX,EQ,1219.4,-2.52,2043.64,0.95,11.68
ORIENTTECH,EQ,326.35,-2.14,1494.88,3.55,11.63
YATHARTH,EQ,557.5,0.76,5371.76,2.09,11.58
STEL,EQ,482.8,15.38,891.03,2.38,11.51
STYRENIX,EQ,1931.1,1.85,3395.96,0.61,11.45
ENTERO,EQ,1102,-1.87,4794.91,1.03,11.41
GKSL,EQ,106.76,3.13,841.73,10.73,11.39
CAPILLARY,EQ,642.05,4.17,5092.21,1.8,11.32
VIKRAN,EQ,88.77,-2.69,2289.48,12.62,11.26
AGI,EQ,641.75,-4.97,4151.95,1.73,11.22
RAYMOND,EQ,373.8,-3.46,2488.53,2.96,11.14
KNRCON,EQ,143.4,-1.14,4032.9,7.59,10.92
AXISCADES,EQ,1226.1,4.54,5213.06,0.91,10.79
PREMEXPLN,EQ,510,1.87,2741.82,2.11,10.77
LLOYDSENGG,EQ,44.56,-1.81,5192.62,24.17,10.72
INDOTHAI,EQ,242.1,-1.47,3024.39,4.39,10.59
EIEL,EQ,176.61,-0.61,3100.04,5.9,10.44
PAISALO,EQ,32.46,-1.99,2952.31,31.83,10.38
CMSINFO,EQ,315.95,-3.45,5196.51,3.15,10.03
MOBIKWIK,EQ,196.4,-2.53,1544.85,5.04,9.99
EKC,EQ,110,-3.24,1234.28,8.81,9.89
HGINFRA,EQ,628.8,0.46,4097.96,1.58,9.86
PICCADIL,EQ,572.05,-3.04,5598.13,1.67,9.56
GENESYS,EQ,297.15,-0.47,1241.8,3.21,9.55
CRIZAC,EQ,252.35,0.58,4415.68,3.74,9.53
INDIAGLYCO,EQ,859.5,1.33,5760.95,1.11,9.52
MASFIN,EQ,325.7,2.68,5909.94,2.88,9.38
KRN,EQ,611.3,-1.13,3799.63,1.51,9.21
ORIENTCEM,EQ,165.04,0.22,3390.91,5.54,9.09
SUNTECK,EQ,388.4,3.79,5689.64,2.36,9.05
MATRIMONY,EQ,563.25,0.66,1214.56,1.61,9.01
SENORES,EQ,782,-1.15,3601.39,1.15,8.98
SKMEGGPROD,EQ,206.45,1.75,1087.17,4.33,8.93
HINDOILEXP,EQ,153.6,0.45,2031.26,5.75,8.88
RTNPOWER,EQ,8.26,-2.48,4435.71,106.71,8.85
GARUDA,EQ,157.12,-2.29,1461.87,5.44,8.54
OPTIEMUS,EQ,400.2,0.1,3536.83,2.12,8.47
GREAVESCOT,EQ,165.9,-1.86,3862.89,5.08,8.47
SATIN,EQ,156.16,-1.51,1725.11,5.27,8.44
SUPRIYA,EQ,676.1,2.08,5441.44,1.25,8.41
E2E,EQ,2040.8,-1.71,4107.52,0.4,8.36
GHCL,EQ,533.2,-0.49,4901.93,1.6,8.36
RAJRATAN,EQ,415.7,-4.97,2110.55,1.95,8.24
AURIONPRO,EQ,910.8,-3.61,5028.85,0.89,8.21
SIYSIL,EQ,504.9,-3.25,2290.74,1.6,8.11
TATVA,EQ,1127.5,-3.46,2637.45,0.72,8.09
GMMPFAUDLR,EQ,962.8,-2.79,4328.48,0.83,8.03
DCXINDIA,EQ,172.14,-2.87,1917.41,4.55,7.94
STYLEBAAZA,EQ,328.8,-2.85,2453.42,2.33,7.76
ELECTCAST,EQ,69.62,-2.21,4303.8,10.76,7.55
BGRENERGY,EQ,351.5,4.23,2536.48,2.15,7.53
PENIND,EQ,168.83,-0.85,2278.3,4.43,7.51
ARKADE,EQ,108.58,-4.66,2015.94,6.69,7.51
MICEL,EQ,42.86,9.98,1032.98,17.7,7.49
ADVAIT,EQ,1527,8.82,1670.05,0.5,7.48
MUFIN,EQ,111.51,-1.67,1931.7,6.58,7.38
VMART,EQ,605.7,-0.3,4811.62,1.22,7.37
JAMNAAUTO,EQ,117.08,-3.02,4671.45,6.24,7.36
BOMDYEING,EQ,113.97,-0.86,2353.88,6.43,7.34
INFIBEAM,EQ,15.49,-1.09,5385.94,46.96,7.28
ARISINFRA,EQ,104.01,0.41,847.15,6.99,7.27
YATRA,EQ,148.45,-1.38,2329.42,4.86,7.17
SULA,EQ,183.15,-2.79,1546.65,3.87,7.17
IDEAFORGE,EQ,429.2,-0.57,1857.07,1.61,6.92
DYCL,EQ,300,-3.72,1453.76,2.27,6.9
ARFIN,EQ,75.43,0.82,1272.67,9.06,6.84
RPTECH,EQ,353.55,-0.76,2329.88,1.91,6.8
SOLARWORLD,EQ,235.35,0.49,2039.84,2.85,6.74
UTKARSHBNK,EQ,14.02,-2.23,2494.89,48.13,6.74
KALAMANDIR,EQ,109.4,-2.95,1677.83,6.06,6.7
PITTIENG,EQ,769.1,-0.45,2895.94,0.84,6.61
INDRAMEDCO,EQ,356.85,-2.5,3271.35,1.83,6.57
HUBTOWN,EQ,205.99,-2.39,2927.13,3.16,6.56
AWFIS,EQ,397.2,-1.6,2840.34,1.65,6.56
BRIGHOTEL,EQ,59.8,-1.11,2271.46,10.66,6.55
LIQUID,EQ,999.99,0,529.89,0.65,6.5
ICIL,EQ,225.5,-2.89,4466.13,2.87,6.48
ORISSAMINE,EQ,4481,-3.23,2688.6,0.14,6.47
CARERATING,EQ,1563.5,0.44,4697.05,0.42,6.47
MIDWESTLTD,EQ,1337.6,-1.65,4836.87,0.48,6.46
JYOTISTRUC,EQ,9.78,-1.01,1167.21,65.62,6.36
ALLCARGO,EQ,10.27,2.91,1538.22,62.8,6.35
ASHOKA,EQ,144.5,-1.73,4056.45,4.36,6.32
NAHARSPING,EQ,170.48,10.79,614.84,3.67,6.3
JUSTDIAL,EQ,651.7,-2.27,5542.36,0.96,6.29
MANINFRA,EQ,106.84,-0.11,4312.77,5.9,6.27
SMALLCAP,EQ,41.82,0.43,766.05,14.99,6.26
GMBREW,EQ,965,-1.85,2204.73,0.64,6.21
RPGLIFE,EQ,1996.1,1.72,3301.35,0.31,6.21
NORTHARC,EQ,265.65,-1.1,4292.16,2.31,6.11
PRAKASH,EQ,124.98,2.45,2238.16,4.94,6.1
MALLCOM,EQ,1130.7,-0.23,705.56,0.54,6.01
EMUDHRA,EQ,505.9,-3.45,4189.44,1.19,6.01
KROSS,EQ,193.28,0.24,1246.84,3.06,5.95
IFBIND,EQ,1079.2,-1.68,4372.79,0.55,5.9
NETWORK18,EQ,36.64,-1.87,5649.89,16.01,5.88
RAMASTEEL,EQ,7.68,-4.12,1256.06,75.38,5.87
BCG,EQ,8.97,-3.55,1810.08,64.22,5.79
ZUARI,EQ,276.1,-2.21,1161.22,2.1,5.76
RTNINDIA,EQ,34.62,-3.03,4785.42,16.69,5.75
GKENERGY,EQ,112.81,-1.85,2287.98,5.1,5.74
MSTCLTD,EQ,467.95,-1.05,3294.37,1.22,5.74
EXCELSOFT,EQ,70.04,-2.38,806.05,8.11,5.72
NELCO,EQ,665.9,2.37,1519.48,0.86,5.69
CIGNITITEC,EQ,1635.2,-1,4504.48,0.35,5.69
BHARATRAS,EQ,1727.9,3.72,2871.96,0.33,5.58
ARIHANTCAP,EQ,81.61,1.82,853.75,6.91,5.57
SAPPHIRE,EQ,183.6,-3.29,5900.59,3.03,5.55
DPABHUSHAN,EQ,1190.9,-8.13,2718.58,0.45,5.52
SEPC,EQ,8.13,-2.05,1536.62,67.91,5.49
AJMERA,EQ,146.3,-6.1,2879.12,3.62,5.47
VSTIND,EQ,236.3,0.6,4013.82,2.34,5.46
IZMO,EQ,603.4,-0.06,902.3,0.9,5.46
NIFTY1,EQ,280,0.18,3134.66,1.95,5.44
TRUALT,EQ,373.35,5.48,3201.57,1.5,5.43
CONTROLPR,EQ,653.6,-3.06,1045.38,0.79,5.3
GOCOLORS,EQ,415.75,-0.61,2245.42,1.27,5.28
MARINE,EQ,176.48,-1.96,2434.44,2.96,5.26
FUSION,EQ,187.08,0.95,3018.55,2.81,5.18
VIPIND,EQ,356.95,-1.53,5070.53,1.44,5.15
RAYMONDLSL,EQ,903,-1.55,5501.4,0.57,5.13
PFS,EQ,33.5,-0.48,2151.65,14.8,5.1
VPRPL,EQ,43.82,-1.02,546.19,11.73,5.1
INDOTECH,EQ,1292.2,6.66,1372.32,0.4,5.02
KPEL,EQ,292.4,-1.57,1956.36,1.71,4.99
TVSSCS,EQ,96.98,-3.68,4278.56,5,4.91
NIITMTS,EQ,388.7,1.98,5335.51,1.25,4.9
INDOFARM,EQ,174.9,6.35,840.42,2.87,4.89
SHRINGARMS,EQ,221.65,-1.14,2137.42,2.17,4.84
EASEMYTRIP,EQ,6.22,-2.35,2262.12,77.24,4.82
JKPAPER,EQ,322.15,0.02,5457.3,1.5,4.8
DAMCAPITAL,EQ,171.94,-3.71,1215.38,2.74,4.78
HLEGLAS,EQ,377.25,-4.13,2620.18,1.25,4.76
LUMAXIND,EQ,4825.5,2.68,4510.75,0.1,4.71
WENDT,EQ,6819,-1.3,1363.8,0.07,4.7
TAJGVK,EQ,364.3,-1.17,2284.22,1.28,4.64
RPEL,EQ,746.9,1.4,3429.16,0.6,4.56
DOLATALGO,EQ,80.92,-5.22,1424.19,5.47,4.54
ATLANTAELE,EQ,753.9,3.66,5797.24,0.61,4.52
TARC,EQ,154.1,-3.75,4547.43,2.87,4.52
NFL,EQ,82.5,0.06,4047.27,5.49,4.52
ICRA,EQ,6159.5,3.77,5944.68,0.07,4.5
DCW,EQ,44.63,-3.5,1317.28,9.95,4.46
GANDHAR,EQ,150.54,-1.62,1473.48,2.92,4.4
BAJAJHIND,EQ,16.22,-2.11,2071.88,27.08,4.4
BAJAJHCARE,EQ,355,3.41,1121.21,1.24,4.36
SANGHVIMOV,EQ,291,1.36,2519.36,1.52,4.32
SDBL,EQ,87.21,-2.2,1703,4.93,4.32
MONTECARLO,EQ,574,1.89,1190.02,0.76,4.32
SHAREINDIA,EQ,143.28,-2.2,3116.23,3,4.3
RENUKA,EQ,24.06,-3.06,5121.15,17.66,4.3
EXICOM,EQ,99.74,0.49,1387.18,4.2,4.29
GOODLUCK,EQ,1039.6,0.11,3455.48,0.41,4.29
JISLJALEQS,EQ,35.49,-2.07,2536.15,11.76,4.21
CYIENTDLM,EQ,360.85,2.3,2863.86,1.17,4.21
SANDHAR,EQ,488.15,-2.78,2938.21,0.85,4.15
STCINDIA,EQ,124.55,5.05,747.3,3.31,4.15
DELTACORP,EQ,63.52,-0.83,1700.88,6.45,4.12
SERVOTECH,EQ,59.49,1.1,1343.55,6.82,4.06
ALPHA,EQ,46.62,-0.3,714.81,8.68,4.05
TEMBO,EQ,553.45,-0.32,856.03,0.73,4.04
MHRIL,EQ,282.15,-4.63,5700.54,1.39,4
GTLINFRA,EQ,1,0,1271.66,399.27,3.99
UNIVCABLES,EQ,723.3,2.82,2509.52,0.56,3.97
LANDMARK,EQ,390.55,-2.03,1619.41,1,3.93
MOREPENLAB,EQ,35.04,-1.77,1920.03,11.16,3.91
SALASAR,EQ,7.82,-1.76,1366.9,49.36,3.83
GREENPLY,EQ,218.8,-3.04,2732.54,1.74,3.82
GOKULAGRO,EQ,157.32,0.51,4642.3,2.43,3.81
PSPPROJECT,EQ,751.7,-1.82,2979.87,0.5,3.81
STERTOOLS,EQ,243.35,6.41,880.55,1.58,3.8
EIMCOELECO,EQ,1691.8,-0.11,975.9,0.22,3.78
TBZ,EQ,161.92,-1.37,1080.5,2.33,3.78
PNCINFRA,EQ,210.85,-1.19,5409.13,1.79,3.77
ROUTE,EQ,586.45,-2.41,3694.82,0.64,3.75
RACLGEAR,EQ,1007.1,-5.8,1187.18,0.37,3.75
EMSLIMITED,EQ,329.5,-2.95,1829.74,1.12,3.73
VRLLOG,EQ,268.95,2.42,4704.93,1.4,3.72
DIGITIDE,EQ,112.13,-1.1,1670.17,3.36,3.7
EFCIL,EQ,248.7,5.81,3414.24,1.5,3.66
UNITECH,EQ,4.42,-2.64,1155.67,82.4,3.63
PANACEABIO,EQ,361.8,-3.08,2216.05,1,3.62
HITECH,EQ,74.52,-0.75,1513.56,4.81,3.57
RAYMONDREL,EQ,426.5,0.45,2839.37,0.84,3.56
JUNIPER,EQ,207.9,-3.41,4625.82,1.71,3.56
LAXMIDENTL,EQ,185,-4.15,1016.8,1.89,3.54
MANINDS,EQ,319.6,-0.64,2397.31,1.11,3.52
NACLIND,EQ,153.72,-3.14,3597.25,2.25,3.48
FINOPB,EQ,225.85,-0.29,1879.49,1.5,3.4
MIRCELECTR,EQ,30.28,-2.32,849.18,10.79,3.38
ANUP,EQ,1710.8,-3.98,3426.98,0.2,3.37
SIRCA,EQ,470,-2.04,2669.26,0.7,3.32
FISCHER,EQ,36.37,1.62,2358.65,9.2,3.32
IONEXCHANG,EQ,358.3,-1.17,5255.06,0.92,3.29
DEEPINDS,EQ,370.05,0.07,2368.32,0.89,3.26
SHILPAMED,EQ,270.05,-1.33,5281.69,1.2,3.25
SETL,EQ,114.63,-2.26,2286.77,2.81,3.23
JKIL,EQ,569.45,1.32,4308.77,0.57,3.23
RAMKY,EQ,479,-2.21,3314.57,0.67,3.22
EMIL,EQ,88,-2.48,3385.79,3.56,3.16
GLOBUSSPR,EQ,929.8,-2.14,2693.83,0.34,3.15
SPARC,EQ,124.27,-0.58,4032.56,2.53,3.14
UNIMECH,EQ,855.6,1.75,4351.31,0.37,3.13
63MOONS,EQ,612.35,-2.55,2821.62,0.51,3.12
CAMLINFINE,EQ,141.38,0.78,2715.79,2.24,3.11
EPIGRAL,EQ,1028.2,-1.7,4435.79,0.3,3.1
RIIL,EQ,717.05,0.6,1082.75,0.44,3.1
BUILDPRO,EQ,707.1,-3.32,1714.67,0.43,3.08
GREENPOWER,EQ,10.18,-3.78,1194.15,29.57,3.06
PACEDIGITK,EQ,171.2,0.12,3695.37,1.8,3.05
RAJOOENG,EQ,62.9,-1.99,1123.87,4.8,3.04
KSL,EQ,711.75,2.75,3107.01,0.43,3.03
LGBBROSLTD,EQ,1671,-0.33,5329.22,0.18,3.03
VISHNU,EQ,516.5,1.8,3476.83,0.59,3.02
GPTINFRA,EQ,103.11,-2.62,1302.95,2.87,3.02
INDIGOPNTS,EQ,1041.4,-1.73,4964.94,0.29,3.01
GODAVARIB,EQ,242.55,-3.06,1241.27,1.24,3
VADILALIND,EQ,4387.5,-1.12,3153.66,0.07,3
NIITLTD,EQ,76,1.02,1036.52,3.98,2.99
VENUSPIPES,EQ,1025.8,0.36,2125.06,0.29,2.98
BHARATWIRE,EQ,172.64,-1.01,1184.05,1.72,2.98
SUNCLAY,EQ,1230,5.07,2711.68,0.25,2.98
SMSPHARMA,EQ,307,1.3,2875.12,0.98,2.95
ADVENTHTL,EQ,182.1,1.82,982.3,1.59,2.94
SPMLINFRA,EQ,168.91,-1.31,1220.4,1.74,2.92
SGMART,EQ,351.1,-0.17,4423.86,0.83,2.89
SPANDANA,EQ,245.85,-1.4,1753.04,1.17,2.88
NRBBEARING,EQ,254.05,0.49,2462.32,1.14,2.88
ROSSTECH,EQ,647.35,-2.79,2440.28,0.44,2.88
NIBE,EQ,1017.8,-1.26,1475.94,0.28,2.87
CANTABIL,EQ,290.05,-0.53,2425.92,0.98,2.86
KSCL,EQ,861.05,0.37,4429.16,0.33,2.85
JAICORPLTD,EQ,112.99,-1.32,1983.03,2.5,2.83
MTNL,EQ,30.77,-1.31,848.09,9.11,2.82
SURYAROSNI,EQ,243.15,-0.23,5291.82,1.15,2.8
CENTUM,EQ,2247.1,-0.42,3311.36,0.12,2.78
AEROENTER,EQ,82.03,4.58,927.64,3.4,2.78
BAJAJELEC,EQ,390.55,-1.8,4506.5,0.71,2.78
GUJTHEM,EQ,310,-0.45,3377.92,0.88,2.76
MANALIPETC,EQ,58.11,5.16,999.49,4.75,2.75
NOCIL,EQ,128.45,-0.92,2145.44,2.12,2.74
ROLEXRINGS,EQ,120.84,-2.88,3290.87,2.25,2.73
IBULLSLTD,EQ,11.24,-3.77,2612.61,23.62,2.68
KCP,EQ,170.48,-0.47,2197.85,1.58,2.68
NSIL,EQ,5789.5,-1.26,2973.58,0.05,2.66
MOM100,EQ,62.93,-0.03,744.33,4.23,2.66
XPROINDIA,EQ,1029.4,-0.48,2416.04,0.26,2.66
WINDLAS,EQ,808.8,2.63,1704.73,0.33,2.63
DCAL,EQ,207,0.91,3245.41,1.28,2.63
IOLCP,EQ,71.77,-2.06,2106.65,3.65,2.63
ADVANCE,EQ,134.03,-0.46,861.62,1.95,2.62
KRYSTAL,EQ,601.1,-0.08,839.85,0.43,2.61
ALLDIGI,EQ,909,6.95,1385.16,0.29,2.61
LXCHEM,EQ,140.1,-2.86,3882.84,1.82,2.58
SAATVIKGL,EQ,387.15,0.78,4920.87,0.67,2.56
SBCL,EQ,420.55,2.44,2422.54,0.61,2.56
MBAPL,EQ,409.85,1.5,3591.39,0.63,2.55
HEMIPROP,EQ,130.83,-1.62,3728.66,1.93,2.53
ZOTA,EQ,1294.2,-0.58,4371.02,0.19,2.52
RHETAN,EQ,25.97,-2.29,2069.48,9.68,2.52
VIDYAWIRES,EQ,46.55,-0.06,990.08,5.46,2.52
ONEPOINT,EQ,48.3,-1.39,1269.91,5.19,2.51
SPIC,EQ,72.9,-1.23,1484.54,3.38,2.47
MINDTECK,EQ,221.06,-0.26,706.38,1.1,2.46
SHK,EQ,140,-2.74,1937.89,1.74,2.44
DBOL,EQ,102.41,3.61,679.88,2.43,2.43
IVALUE,EQ,235.85,1.38,1288.09,1.05,2.43
UGROCAP,EQ,145.07,-1.33,2028.92,1.67,2.43
MAITHANALL,EQ,1033.7,-0.74,3009.26,0.23,2.42
IFBAGRO,EQ,1315,-2.4,1231.78,0.18,2.4
HARIOMPIPE,EQ,419.9,0.59,1300.32,0.57,2.4
FILATEX,EQ,44.62,2.76,1981.39,5.44,2.4
PATELRMART,EQ,196.8,0.58,657.32,1.22,2.4
GIPCL,EQ,140.41,0.39,2179.39,1.68,2.35
MASPTOP50,EQ,72.85,0.83,1228.43,3.21,2.34
VSTTILLERS,EQ,5409.5,-1.13,4675.62,0.04,2.34
MEDIASSIST,EQ,395.65,-1.85,2945.92,0.58,2.33
IPL,EQ,155.7,-1.18,1793.1,1.52,2.33
MMFL,EQ,424.35,2.13,2048.83,0.56,2.32
MAMATA,EQ,385.3,0.25,948.14,0.6,2.32
RISHABH,EQ,361.55,3.94,1391.19,0.65,2.32
AHLUCONT,EQ,858.5,-0.81,5750.88,0.27,2.31
DAVANGERE,EQ,4.6,0,657.8,50.32,2.31
AJAXENGG,EQ,502.5,0.54,5748.94,0.46,2.31
THOMASCOOK,EQ,124.37,-2.74,5850.12,1.83,2.29
CHEMFAB,EQ,404.1,-0.83,580.84,0.58,2.28
SUVEN,EQ,131.72,-0.2,2996.29,1.73,2.28
GEOJITFSL,EQ,66.95,-2.12,1868.72,3.36,2.27
ROTO,EQ,56.7,-4.55,1068.49,3.93,2.26
HPL,EQ,321.35,-2.1,2066.3,0.7,2.26
SWARAJENG,EQ,3488.8,-1.29,4238.84,0.06,2.25
SURYODAY,EQ,134.53,2.18,1429.92,1.68,2.24
GANECOS,EQ,670.5,-0.65,1796.67,0.34,2.24
SOLARA,EQ,502.75,-2.46,1818.51,0.44,2.24
HDFCNIFTY,EQ,284.19,0.29,4773.1,0.79,2.23
BBL,EQ,2497.9,-1.23,2823.41,0.09,2.22
HNDFDS,EQ,446.15,-2.2,5330.68,0.49,2.22
SGFIN,EQ,343.45,-1.84,1919.71,0.64,2.22
SHALBY,EQ,164.76,-2.32,1779.57,1.35,2.22
DDEVPLSTIK,EQ,286.9,0.05,2968.75,0.78,2.21
GOPAL,EQ,302.6,-1.42,3771.07,0.72,2.21
SURAJEST,EQ,225.9,-1.7,1079.2,0.97,2.2
LGHL,EQ,270.7,0.02,1356.01,0.82,2.2
DHANUKA,EQ,1107.3,-2.14,4991.52,0.2,2.19
DENTA,EQ,262.05,-0.61,699.67,0.84,2.18
NDTV,EQ,81.75,-1.86,922.34,2.65,2.17
DSSL,EQ,911.9,-2.87,1160.42,0.24,2.17
ASAL,EQ,480,4.33,761.49,0.45,2.17
RESPONIND,EQ,169.05,-1.42,4507.02,1.27,2.17
MANBA,EQ,131.74,-2.52,661.85,1.61,2.16
SHOPERSTOP,EQ,357.65,3.82,3938.16,0.61,2.16
OMAXE,EQ,74.63,-4.3,1364.99,2.83,2.15
CEIGALL,EQ,273.5,0.29,4764.5,0.79,2.14
KELLTONTEC,EQ,15.57,-0.76,821.79,13.57,2.14
ARMANFIN,EQ,1572,-1.57,1652.63,0.13,2.12
HATHWAY,EQ,10.5,-1.5,1858.61,20.11,2.11
NEPHROPLUS,EQ,512.65,0.45,5143.97,0.41,2.1
HIRECT,EQ,1195.2,-1.7,2053.81,0.18,2.09
ASIANENE,EQ,254.5,-1.01,1139.51,0.81,2.07
SALZERELEC,EQ,560,-4.06,990.23,0.37,2.07
TOP10ADD,EQ,97.51,0.31,868.99,2.13,2.06
CAPACITE,EQ,218,-1.18,1844.37,0.93,2.02
FABTECH,EQ,161.4,-0.8,717.44,1.26,2.01
SYSTMTXC,EQ,87.32,5.29,1192.25,2.38,2.01
REPCOHOME,EQ,399.5,-1.08,2499.33,0.5,2
RUSHIL,EQ,19.72,-2.04,578.62,10.4,1.99
POKARNA,EQ,752.85,1.2,2334.14,0.27,1.99
NEOGEN,EQ,1156.2,-0.52,3050.25,0.17,1.98
INDOBORAX,EQ,245.75,0.9,788.61,0.81,1.98
SYNCOMF,EQ,12.44,-1.19,1169.36,15.82,1.97
UNIECOM,EQ,103.91,-3.13,1167.73,1.88,1.96
GATEWAY,EQ,57.99,-0.03,2897.43,3.41,1.96
ASTEC,EQ,573.45,-2.34,1277.74,0.34,1.96
JTEKTINDIA,EQ,132.59,-2.17,3676.85,1.48,1.96
FCL,EQ,22.17,-1.29,2540.13,8.81,1.95
MCLOUD,EQ,22.1,-0.76,1301.84,8.78,1.94
DHAMPURSUG,EQ,113.09,-2.99,727.24,1.71,1.94
CARYSIL,EQ,765.05,0.44,2176,0.25,1.93
MAXESTATES,EQ,369,-0.87,5988.48,0.52,1.93
STLNETWORK,EQ,20,-2.49,975.84,9.49,1.93
MAHKTECH,EQ,27.16,-1.02,526.12,7.06,1.92
MOTISONS,EQ,11.19,-1.06,1101.61,17.01,1.89
JUBLCPL,EQ,2150,4.22,3257.79,0.09,1.88
ALGOQUANT,EQ,62.74,1.47,1763.6,3.01,1.88
VAKRANGEE,EQ,6.8,-3.68,736.57,27.39,1.88
GEMAROMA,EQ,154,-1.87,804.45,1.21,1.87
ECOSMOBLTY,EQ,175.54,0.42,1053.24,1.07,1.85
MAYURUNIQ,EQ,505.75,-1.33,2197.62,0.36,1.84
LUXIND,EQ,882.6,-1.06,2654.13,0.21,1.83
TIRUMALCHM,EQ,190.06,-0.29,2255.18,0.97,1.82
STOVEKRAFT,EQ,485,-2.64,1605.71,0.37,1.82
EBGNG,EQ,244.25,-3.23,2784.73,0.74,1.82
EVEREADY,EQ,328.5,1.73,2387.78,0.56,1.81
MANGLMCEM,EQ,752.8,1.11,2070,0.24,1.8
SUNFLAG,EQ,249.6,0.65,4498.28,0.72,1.8
IMAGICAA,EQ,51.3,-2.21,2902.87,3.5,1.8
GVPIL,EQ,286.75,0.42,1927.75,0.63,1.79
SCILAL,EQ,44.08,0.2,2053.24,4.07,1.79
MIRZAINT,EQ,37.05,-5.44,512.04,4.73,1.79
FDC,EQ,363.25,-2.37,5914.08,0.49,1.78
ELLEN,EQ,256.5,-0.16,3615,0.69,1.77
BOSCH-HCIL,EQ,1333.8,-3.75,3626.72,0.13,1.75
NPST,EQ,1226.2,-0.9,2555.62,0.14,1.74
MBEL,EQ,300.6,-0.71,1717.88,0.58,1.74
KSHINTL,EQ,349.1,-0.58,2365.35,0.5,1.72
TARSONS,EQ,195.25,-1.92,1038.85,0.88,1.72
HIMATSEIDE,EQ,100.76,-2.02,1266.98,1.7,1.71
ROHLTD,EQ,354,-3.34,970.85,0.47,1.68
JASH,EQ,370.5,-0.12,2330.63,0.46,1.68
COSMOFIRST,EQ,583.5,-1.2,1531.67,0.29,1.67
AARTIDRUGS,EQ,375.35,-2.43,3425.82,0.44,1.65
QUICKHEAL,EQ,194,1.84,1051.77,0.86,1.65
STYLAMIND,EQ,2190.1,-0.42,3711.79,0.08,1.65
STYL,EQ,247.05,1.81,3997.41,0.66,1.64
JNKINDIA,EQ,208.43,-0.07,1166.25,0.79,1.63
PRINCEPIPE,EQ,237,-0.82,2620.3,0.69,1.63
PSUBANK,EQ,900.5,-0.67,2375.74,0.18,1.62
KOPRAN,EQ,127.47,-2.1,615.52,1.27,1.61
HIKAL,EQ,191.54,-2.3,2361.7,0.84,1.61
PDSL,EQ,331.35,-3.04,4684.57,0.48,1.61
DBCORP,EQ,238.6,-1.18,4252.86,0.68,1.61
PLATIND,EQ,224.39,-0.54,1232.46,0.71,1.6
JINDWORLD,EQ,24.82,-2.01,2488.46,6.25,1.57
KDDL,EQ,2132.3,-2.28,2622.58,0.07,1.57
DIFFNKG,EQ,241.35,-0.25,903.28,0.65,1.56
BLUSPRING,EQ,60.24,-1.73,897.27,2.57,1.54
SANSTAR,EQ,91.7,0.53,1671.18,1.71,1.54
BCLIND,EQ,27.44,-2.9,809.93,5.57,1.54
INNOVACAP,EQ,675.6,-3,3866.12,0.22,1.53
PROSTARM,EQ,148.8,-1.9,876.05,1.02,1.52
PNBGILTS,EQ,78.4,-1.27,1411.28,1.92,1.51
INDSWFTLAB,EQ,108.8,0.09,887.93,1.39,1.51
CARRARO,EQ,505.45,2.03,2873.56,0.3,1.51
SOLEX,EQ,971.3,-3.32,1049.25,0.15,1.5
PRIMESECU,EQ,270.45,2.25,916.83,0.55,1.48
MARATHON,EQ,495.95,-0.76,3343.72,0.3,1.47
MUTHOOTMF,EQ,178.82,-0.21,3048.74,0.82,1.47
RELTD,EQ,151.99,-1.83,2713.85,0.95,1.44
ARTEMISMED,EQ,236.8,0.15,3747.92,0.61,1.44
URJA,EQ,9.92,-3.78,521.25,14.45,1.44
GULFOILLUB,EQ,1071.4,-1.08,5284.1,0.13,1.43
ADSL,EQ,124.08,-0.46,701.23,1.17,1.43
VASCONEQ,EQ,41.84,-1.95,956.74,3.4,1.43
YASHO,EQ,1204.8,2.3,1452.64,0.12,1.4
NEXT50,EQ,701.22,0.12,1066.31,0.2,1.39
SUMMITSEC,EQ,1729.7,1.9,1885.68,0.08,1.39
BLKASHYAP,EQ,47.75,-0.75,1076.48,2.84,1.38
BANSALWIRE,EQ,271.2,-2.38,4245.8,0.51,1.38
MONARCH,EQ,275.6,-0.38,2184.64,0.5,1.37
UNIPARTS,EQ,423,-0.76,1909.2,0.32,1.37
ISGEC,EQ,715,-0.42,5257.36,0.19,1.36
ATULAUTO,EQ,401.2,-0.4,1113.38,0.34,1.35
ASALCBR,EQ,804,-0.97,1525.93,0.17,1.35
DHANBANK,EQ,23.92,-0.29,944.12,5.61,1.34
CHEMPLASTS,EQ,252,1.78,3984.36,0.54,1.34
ASHIANA,EQ,286.2,0.9,2877.02,0.47,1.33
GANESHHOU,EQ,710,-2.55,5920.48,0.19,1.33
AHCL,EQ,124.56,-2.96,662.06,1.05,1.33
SHRIRAMPPS,EQ,73.9,-1.96,1261.14,1.76,1.32
POLYPLEX,EQ,845.3,-0.18,2653.6,0.16,1.32
NAVKARCORP,EQ,96.99,-1.3,1459.89,1.35,1.31
VENKEYS,EQ,1487.7,-0.71,2095.77,0.09,1.3
CEWATER,EQ,408.45,3.89,845.34,0.32,1.3
MOL,EQ,57.76,-0.02,1468.92,2.25,1.3
RSYSTEMS,EQ,377.95,1.59,4477.35,0.35,1.29
EUROPRATIK,EQ,232.75,-2.02,2378.7,0.56,1.29
SSWL,EQ,191.34,0.05,3007.49,0.67,1.27
SASKEN,EQ,1228.1,-2.67,1859.69,0.1,1.27
GREENPANEL,EQ,216.21,1.72,2651.33,0.59,1.26
VEEDOL,EQ,1403.5,0.26,2445.46,0.09,1.26
DLINKINDIA,EQ,398.65,-1.04,1415.4,0.32,1.26
SCODATUBES,EQ,132.61,0.29,794.45,0.95,1.25
SAKSOFT,EQ,173.49,-1.78,2299.63,0.71,1.24
EMKAY,EQ,252.95,-4.08,648.37,0.49,1.24
ELECTHERM,EQ,796.05,-3.02,1014.39,0.15,1.22
VERANDA,EQ,193.2,-0.26,1858,0.63,1.22
TALBROAUTO,EQ,242.35,-2.59,1495.98,0.5,1.22
SRM,EQ,445.45,-1.69,1022.05,0.27,1.21
BEPL,EQ,81.22,-2.03,2021.23,1.49,1.21
EIFFL,EQ,252,2.07,624.96,0.49,1.21
FMGOETZE,EQ,440.55,-1.97,2450.87,0.27,1.21
DOLPHIN,EQ,420,-7.11,1680.19,0.27,1.2
SUPRAJIT,EQ,417.55,-0.81,5727.58,0.28,1.19
AUTOAXLES,EQ,1929.8,0.87,2916.31,0.06,1.19
ACCELYA,EQ,1318.5,-0.88,1968.03,0.09,1.19
SANGHIIND,EQ,63.11,0.54,1630.3,1.89,1.18
NITCO,EQ,81.2,-1,1860.42,1.47,1.18
ADFFOODS,EQ,172.51,-3.22,1895.26,0.68,1.18
INSECTICID,EQ,641.6,-0.77,1866.92,0.18,1.17
KINGFA,EQ,4161.6,4.1,5639.54,0.03,1.17
RPSGVENT,EQ,718.3,0.13,2376.6,0.16,1.17
PARACABLES,EQ,34.2,-3.69,1043.82,3.39,1.17
DEEDEV,EQ,185.5,-1.14,1284.83,0.62,1.16
TINNARUBR,EQ,626,-3.6,1127.79,0.18,1.16
WAKEFIT,EQ,180.81,0.03,5909.39,0.64,1.15
SIMPLEXINF,EQ,218,4.29,1724.28,0.53,1.15
MODIS,EQ,317.2,2.64,621.43,0.36,1.14
SUBEXLTD,EQ,9.17,-1.71,515.36,12.43,1.14
TCIEXP,EQ,518.1,3.57,1990.49,0.22,1.14
VINDHYATEL,EQ,1226.2,0.81,1453.15,0.09,1.13
JITFINFRA,EQ,273.1,9.99,701.97,0.43,1.13
KRISHANA,EQ,478.25,-1.74,2956.9,0.24,1.13
PUNJABCHEM,EQ,1152.9,4.53,1413.71,0.1,1.12
COFFEEDAY,EQ,30.75,-1.98,649.6,3.6,1.12
INDOSTAR,EQ,208.44,-3.38,3076.92,0.53,1.12
WCIL,EQ,108,-4.72,1101.12,1.01,1.11
SIS,EQ,329.3,0.6,4649.14,0.34,1.11
FLAIR,EQ,306.55,0.54,3230.9,0.36,1.1
JAGRAN,EQ,66.69,0.01,1451.54,1.64,1.1
IRISDOREME,EQ,31.1,0.16,591.93,3.54,1.1
NCLIND,EQ,182.5,-2.11,825.5,0.59,1.09
BALMLAWRIE,EQ,169.62,0.95,2900.57,0.64,1.07
BHAGCHEM,EQ,201.2,-2.18,2608.94,0.53,1.07
GUFICBIO,EQ,305.8,1.61,3066.64,0.35,1.07
BLSE,EQ,162.19,-1.51,1473.6,0.65,1.06
IGARASHI,EQ,384.5,-2.31,1210.22,0.28,1.06
UDS,EQ,154.89,-1.68,1037.04,0.68,1.06
AURUM,EQ,172.75,-3.9,1315.83,0.6,1.05
BAJEL,EQ,155.9,-3.84,1803.55,0.67,1.05
MPSLTD,EQ,1840.4,-1.32,3148.15,0.06,1.05
NGLFINE,EQ,1759.2,2.85,1086.84,0.06,1.05
HINDWAREAP,EQ,213.1,-3.07,1782.5,0.49,1.05
ARVSMART,EQ,535.35,-0.34,2455.49,0.2,1.05
TNPETRO,EQ,90.57,-0.53,814.87,1.16,1.04
MVGJL,EQ,163.24,-1.82,797.39,0.63,1.03
SUNDROP,EQ,625.35,2.28,2357.37,0.17,1.03
ORIENTELEC,EQ,174.23,-0.54,3717.47,0.6,1.03
SAGCEM,EQ,194.8,1,2546.18,0.53,1.03
MODISONLTD,EQ,159,4.21,515.96,0.66,1.03
WONDERLA,EQ,496.55,-0.52,3149.26,0.21,1.02
BSLNIFTY,EQ,29.57,0.37,3263.52,3.46,1.02
BOROLTD,EQ,243.35,-0.33,2910.03,0.41,1.01
KRSNAA,EQ,707.05,-1.35,2293.58,0.14,1
BIRLAMONEY,EQ,117.47,-1.43,663.81,0.85,1
UTTAMSUGAR,EQ,208.1,-2.46,793.65,0.47,0.98
20MICRONS,EQ,173.26,-2.79,611.37,0.56,0.98
ZUARIIND,EQ,273.1,-0.8,813.32,0.36,0.97
MOLDTKPAC,EQ,539,-1.5,1791.04,0.18,0.97
DWARKESH,EQ,33.21,-2.75,615.39,2.89,0.96
SPAL,EQ,658,-2.2,1651.09,0.15,0.96
KSOLVES,EQ,261.45,-2.37,619.95,0.36,0.95
GANESHCP,EQ,195.52,-1.85,790.15,0.48,0.94
SHARDAMOTR,EQ,833.95,-0.96,4787.52,0.11,0.93
RADHIKAJWE,EQ,67.17,-1.93,792.61,1.38,0.93
TEAMLEASE,EQ,1367.1,-2.54,2292.48,0.07,0.93
NEXT50BETA,EQ,73.25,0.31,2190.66,1.27,0.92
ALEMBICLTD,EQ,92.47,-1,2374.46,1,0.92
JAGSNPHARM,EQ,162,-0.61,1081.86,0.57,0.92
TARACHAND,EQ,72.7,-4.97,573.06,1.23,0.91
FAZE3Q,EQ,379.85,-1.36,923.76,0.24,0.91
GICHSGFIN,EQ,163.86,0.41,882.4,0.55,0.9
ROSSARI,EQ,548.4,-2.65,3037.11,0.16,0.9
IMPAL,EQ,1076.1,-0.11,1342.97,0.08,0.89
SMARTWORKS,EQ,452.95,2.19,5175.5,0.2,0.89
PURVA,EQ,223.76,-1.05,5306.46,0.39,0.89
KHAICHEM,EQ,61.23,-1.07,593.86,1.45,0.89
MANAKCOAT,EQ,127.09,-1.2,1345.04,0.69,0.88
CONFIPET,EQ,31.78,-2.16,1055.86,2.74,0.88
SNOWMAN,EQ,37.5,-0.95,626.58,2.32,0.87
NITINSPIN,EQ,323.85,-1.66,1820.68,0.27,0.87
MWL,EQ,275,0.15,816.77,0.31,0.86
WSTCSTPAPR,EQ,394.45,-1.26,2605.3,0.22,0.86
SPORTKING,EQ,87.5,4.08,1111.88,0.98,0.85
SATIA,EQ,59.91,-2.01,599.1,1.42,0.85
PVP,EQ,30.03,-4.24,781.99,2.72,0.85
UFBL,EQ,173.12,-3.72,676.66,0.48,0.84
JINDALPOLY,EQ,391.8,-0.5,1715.55,0.22,0.84
MSPL,EQ,29.45,-0.24,1669.22,2.87,0.84
GULPOLY,EQ,127.28,-2.46,793.85,0.66,0.84
DALMIASUG,EQ,273.7,-1.62,2215.31,0.31,0.84
REGAAL,EQ,60.74,-1.04,623.94,1.36,0.83
LAOPALA,EQ,190.65,-0.88,2116.22,0.43,0.83
ITDC,EQ,513.7,0,4405.97,0.16,0.83
DIAMONDYD,EQ,1093.7,-1.28,2614.04,0.07,0.82
JGCHEM,EQ,311,-0.53,1218.69,0.27,0.82
STANLEY,EQ,178.54,-0.42,1019.92,0.46,0.82
PARKHOTELS,EQ,121,-0.97,2581.83,0.67,0.81
KIRLOSIND,EQ,3117.1,-2.07,3275.88,0.03,0.8
ESAFSFB,EQ,27.94,-0.85,1440.6,2.82,0.79
RUSTOMJEE,EQ,464.35,-1.49,5861.52,0.17,0.78
ICEMAKE,EQ,717,-1.38,1131.41,0.11,0.77
KOLTEPATIL,EQ,362.85,-0.71,3217.76,0.21,0.76
SBIBPB,EQ,52.38,-1.04,1399.09,1.44,0.76
TASTYBITE,EQ,6848.5,-0.41,1757.33,0.01,0.75
NAVNETEDUL,EQ,144.25,-1.32,3191,0.52,0.75
TIL,EQ,250.2,-1.59,1666.38,0.3,0.75
SARLAPOLY,EQ,85.44,3.1,713.45,0.87,0.74
5PAISA,EQ,351.2,-0.94,1097.23,0.21,0.74
HUHTAMAKI,EQ,184.55,-2.42,1393.76,0.39,0.73
JPOLYINVST,EQ,995.1,0.44,1046.04,0.07,0.73
BALAJITELE,EQ,86.66,-0.22,1054.95,0.84,0.73
RAMAPHO,EQ,156.22,0.31,552.81,0.47,0.73
NDRAUTO,EQ,667.5,-1.64,1587.67,0.11,0.72
ORIENTHOT,EQ,99.8,-1.49,1782.42,0.72,0.72
GPTHEALTH,EQ,125.95,-1.71,1033.48,0.57,0.72
WSI,EQ,77.24,-1.47,509.16,0.93,0.71
RAMRAT,EQ,290.25,2.11,2708.06,0.25,0.71
GALAPREC,EQ,705.2,1.13,899.15,0.1,0.71
NILASPACES,EQ,14.3,-1.45,563.26,4.94,0.71
BHAGERIA,EQ,170.56,0.62,744.4,0.41,0.7
KICL,EQ,4674.1,-1.39,2040.39,0.01,0.7
JAYKAY,EQ,159.93,-1.79,2083.68,0.44,0.7
KKCL,EQ,464.15,-1.4,2860.33,0.15,0.69
IRMENERGY,EQ,240,-1.17,985.43,0.29,0.69
ORCHPHARMA,EQ,699.3,0.19,3546.79,0.1,0.69
TEXINFRA,EQ,94.4,0.92,1202.91,0.73,0.69
ONMOBILE,EQ,47.96,-2.32,509.92,1.42,0.68
AVADHSUGAR,EQ,323.5,-2.56,647.6,0.21,0.68
CAPITALSFB,EQ,256,-0.35,1162.72,0.27,0.67
HONDAPOWER,EQ,2017.9,-0.27,2046.77,0.03,0.67
IKIO,EQ,150,0.56,1159.21,0.45,0.67
NUCLEUS,EQ,881.2,-0.12,2319.79,0.08,0.66
BIRLANU,EQ,1600.9,-0.94,1207.22,0.04,0.66
STUDDS,EQ,495.85,-1.49,1951.34,0.13,0.66
TNPL,EQ,139.39,-0.6,964.73,0.47,0.65
PANAMAPET,EQ,286.5,-0.1,1733.14,0.23,0.65
INDIQUBE,EQ,177,-1.54,3751.78,0.37,0.65
RAMCOIND,EQ,306.95,0.92,2665.6,0.21,0.65
LIKHITHA,EQ,160.25,-1.18,632.19,0.4,0.65
HEIDELBERG,EQ,166.83,-2.38,3780.59,0.39,0.65
AMRUTANJAN,EQ,585.55,-0.48,1692.86,0.11,0.64
BHARATSE,EQ,144.94,0.69,910.22,0.45,0.64
VSSL,EQ,252.15,0.1,2437.93,0.25,0.63
GUJALKALI,EQ,449.8,-0.8,3303.19,0.14,0.62
INDNIPPON,EQ,729.9,0.48,1651.14,0.09,0.62
TTKHLTCARE,EQ,967.5,0.18,1367.11,0.06,0.62
JINDALPHOT,EQ,1430,-2.48,1466.94,0.04,0.62
RGL,EQ,106.85,-0.89,1146.77,0.58,0.62
PREMIERPOL,EQ,48.74,2.5,510.51,1.26,0.61
TVSSRICHAK,EQ,4066.9,-1.07,3114.05,0.01,0.59
MUKANDLTD,EQ,130.12,0.93,1880.18,0.46,0.59
PIXTRANS,EQ,1290.8,0.87,1758.74,0.05,0.59
MENONBE,EQ,118.34,-2.78,663.18,0.48,0.58
BIGBLOC,EQ,57.98,-2.9,820.86,0.97,0.57
EXPLEOSOL,EQ,893.95,-1.43,1387.39,0.06,0.56
CSLFINANCE,EQ,270,-3.24,615.13,0.21,0.56
APOLLOPIPE,EQ,277.5,0.65,1222.34,0.2,0.56
MADRASFERT,EQ,75.8,-0.47,1221.15,0.74,0.56
KECL,EQ,81.19,0.79,539.22,0.69,0.55
UNICHEMLAB,EQ,370.7,-3.43,2609.94,0.15,0.55
CLSEL,EQ,235.05,-0.09,1168.8,0.23,0.54
ADOR,EQ,1028,0.78,1789.01,0.05,0.54
SWELECTES,EQ,522.6,-2.61,792.2,0.1,0.54
RANEHOLDIN,EQ,1255.6,0.39,1792.72,0.04,0.54
PILANIINVS,EQ,4658,-0.02,5157.45,0.01,0.54
DISHTV,EQ,3.37,-1.17,620.5,15.71,0.53
ESTER,EQ,95.1,-0.31,928.04,0.54,0.52
STEELXIND,EQ,7.9,0.89,985.3,6.62,0.52
NELCAST,EQ,89.93,-0.62,782.4,0.58,0.52
ARROWGREEN,EQ,425,-2.57,641.24,0.12,0.52
DEN,EQ,27.69,-1.28,1321.43,1.86,0.51
OSWALGREEN,EQ,27,-3.36,693.38,1.87,0.51
ASIANHOTNR,EQ,308.1,-0.05,599.35,0.16,0.51
MACPOWER,EQ,825.6,-1.09,825.94,0.06,0.51
TIIL,EQ,2039.8,0.88,4624.8,0.03,0.51
INDIANHUME,EQ,381.9,-1.61,2011.92,0.13,0.5
DECCANCE,EQ,635,-1.01,889.48,0.08,0.5
SHREERAMA,EQ,58.18,-0.8,776.52,0.84,0.5
AGARIND,EQ,676.9,-3.32,1012.49,0.07,0.49
EXCELINDUS,EQ,918,1.46,1153.99,0.05,0.49
SHREDIGCEM,EQ,73.84,-2.71,1091.87,0.64,0.47
INTLCONV,EQ,79.21,0.46,505.21,0.59,0.47
JAYBARMARU,EQ,84.16,-1.08,911.03,0.56,0.47
RBZJEWEL,EQ,134.47,-1.28,537.88,0.34,0.46
UFLEX,EQ,463.45,1.4,3346.64,0.1,0.46
AYMSYNTEX,EQ,160,2.11,937.3,0.29,0.46
RKSWAMY,EQ,106.06,-1.88,535.36,0.42,0.45
LINCOLN,EQ,444.8,-0.95,890.92,0.1,0.45
INDOAMIN,EQ,112.6,-1.98,817.34,0.39,0.44
CIFL,EQ,32.93,-0.72,1287.75,1.33,0.44
CENTRUM,EQ,23.47,-2.65,1078.63,1.85,0.44
PDMJEPAPER,EQ,82.17,-2.38,780.2,0.53,0.44
ABINFRA,EQ,18.56,4.98,1185.59,2.41,0.43
KAMATHOTEL,EQ,215.02,-1.09,633.88,0.2,0.43
HDFCSENSEX,EQ,92.78,-0.02,983.31,0.47,0.43
SRHHYPOLTD,EQ,450.95,-0.31,774.05,0.09,0.43
RUPA,EQ,148.62,-1.45,1181.89,0.29,0.43
HERANBA,EQ,213.27,-1.27,853.37,0.2,0.42
SHANTIGEAR,EQ,456.1,0.45,3499.01,0.09,0.42
PAUSHAKLTD,EQ,498,-2.38,1227.91,0.08,0.42
TCPLPACK,EQ,2599.5,0.19,2365.55,0.02,0.42
SEJALLTD,EQ,670.9,-2.78,677.61,0.06,0.41
ONWARDTEC,EQ,309.15,0.8,703.1,0.13,0.41
BFINVEST,EQ,372.7,1.02,1403.87,0.11,0.41
KOKUYOCMLN,EQ,82.29,-3.02,825.4,0.49,0.4
HARSHA,EQ,365,-0.57,3323.11,0.11,0.4
SOTL,EQ,347.9,-1.4,2385.22,0.11,0.39
SUYOG,EQ,554,-0.42,619.9,0.07,0.39
MUFTI,EQ,88.21,-2.72,576.63,0.43,0.38
LEMERITE,EQ,460.55,-0.32,1152.92,0.08,0.38
MUKKA,EQ,22.4,-2.27,672,1.66,0.37
SCHAND,EQ,159.21,3.08,561.57,0.23,0.37
DOLLAR,EQ,310.7,-0.64,1762.17,0.12,0.37
GANESHBE,EQ,70.9,-0.17,510.4,0.52,0.37
RML,EQ,740.45,-0.4,2046.39,0.05,0.37
OMINFRAL,EQ,76.21,-0.33,733.93,0.48,0.36
ELIN,EQ,147.84,-1.42,734.16,0.24,0.36
CHEMCON,EQ,172.15,-1.14,630.6,0.21,0.36
SGIL,EQ,510,2.72,792.69,0.07,0.36
BAJAJINDEF,EQ,294.5,-1.55,942.4,0.12,0.36
WINDMACHIN,EQ,261.55,-2.33,2277.7,0.14,0.36
DHARMAJ,EQ,227.76,1.14,769.77,0.16,0.35
XCHANGING,EQ,70.39,-0.2,784.17,0.5,0.35
GHCLTEXTIL,EQ,75.89,-1.77,725.4,0.46,0.35
TVTODAY,EQ,123.63,-1.24,737.68,0.28,0.35
HDFCNIFBAN,EQ,61.48,0.49,5823.78,0.56,0.34
VISAKAIND,EQ,62.03,-2.48,535.97,0.55,0.34
BODALCHEM,EQ,47.74,-0.48,601.26,0.71,0.34
SASTASUNDR,EQ,295.15,-1.99,938.89,0.12,0.34
CREST,EQ,355.05,-2.41,1010.11,0.1,0.34
FINKURVE,EQ,83.75,2.21,1172.92,0.4,0.33
PENINLAND,EQ,20.1,-1.18,666.77,1.65,0.33
ANDHRSUGAR,EQ,69.37,-0.98,940.21,0.48,0.33
HGS,EQ,408,0.09,1898.03,0.08,0.32
SANGAMIND,EQ,447.2,-1.12,2247.03,0.07,0.32
ATL,EQ,23.81,-1.33,694.92,1.35,0.32
ANDHRAPAP,EQ,63.33,0.06,1259.32,0.51,0.32
LINC,EQ,106.73,-1.17,634.93,0.3,0.32
MASTERTR,EQ,99.13,-2,1219.46,0.32,0.32
VALIANTORG,EQ,240,-0.27,672.47,0.13,0.32
SANATHAN,EQ,435,-2.03,3671.58,0.07,0.32
GNA,EQ,347.45,-0.88,1491.63,0.09,0.32
WEL,EQ,140.08,-0.44,1877.18,0.23,0.32
AMBIKCO,EQ,1257.5,0.58,719.92,0.03,0.31
PTL,EQ,40.05,1.88,530.17,0.79,0.31
BIL,EQ,737.45,-1.82,988.95,0.04,0.3
ALLTIME,EQ,227.6,-0.68,1490.96,0.13,0.3
MMP,EQ,247.3,-1.87,628.21,0.12,0.3
THEJO,EQ,1726.2,-1.62,1872.44,0.02,0.3
EQUAL50ADD,EQ,340.39,0.11,1063.94,0.09,0.3
RSWM,EQ,138,1.92,650,0.22,0.29
THEMISMED,EQ,78.99,-2.2,727.5,0.37,0.29
NAHARPOLY,EQ,225.7,2.1,554.95,0.13,0.29
NRAIL,EQ,438.75,-0.62,746.71,0.06,0.28
GRPLTD,EQ,1680.6,1.85,896.32,0.02,0.28
HDFCPVTBAN,EQ,29.08,0.73,747,0.97,0.28
EIHAHOTELS,EQ,324.5,-2.2,1977.38,0.09,0.28
STEELCAS,EQ,192.81,-3.03,1951.24,0.14,0.27
GOCLCORP,EQ,262.7,-0.08,1302.27,0.1,0.27
GFLLIMITED,EQ,48.51,-3.25,532.88,0.56,0.27
TREL,EQ,26.54,3.87,652.08,1.03,0.27
DVL,EQ,256.25,-1.42,897.51,0.1,0.27
INDOCO,EQ,213.69,-1.39,1971.25,0.12,0.26
SAURASHCEM,EQ,72.22,1.98,803.47,0.37,0.26
INDORAMA,EQ,43.7,-1.95,1141.06,0.59,0.26
KOTHARIPET,EQ,117.69,1.36,692.56,0.22,0.26
PVSL,EQ,108.5,-0.99,772.5,0.24,0.26
CENTENKA,EQ,432,-0.85,943.95,0.06,0.25
KABRAEXTRU,EQ,202.3,-0.65,707.5,0.12,0.25
VLSFINANCE,EQ,259.7,-1.5,814.9,0.1,0.25
ARIHANTSUP,EQ,270.6,0.59,1170.34,0.09,0.25
SIGMA,EQ,50.62,-1.98,520.25,0.48,0.25
BSHSL,EQ,92.81,-0.25,973.92,0.27,0.25
FOSECOIND,EQ,4427.9,-1,3337.42,0.01,0.25
SUMEETINDS,EQ,26.7,-2.91,1405.29,0.91,0.24
BUTTERFLY,EQ,597.9,-1.13,1069.02,0.04,0.24
ADVANIHOTR,EQ,57.6,0.09,532.45,0.42,0.24
IGPL,EQ,365.45,-1.96,1125.4,0.07,0.24
SHREEPUSHK,EQ,322.65,-0.2,1043.38,0.08,0.24
MUNJALAU,EQ,71.15,-0.55,711.5,0.34,0.24
MAXIND,EQ,156.33,-1.18,819.96,0.15,0.23
FAIRCHEMOR,EQ,632.85,-1.25,824.03,0.04,0.23
OAL,EQ,283.25,0.66,953.24,0.08,0.22
APCOTEXIND,EQ,350.6,-0.41,1817.68,0.06,0.22
BETA,EQ,1489.3,-0.73,1503.38,0.01,0.22
AXISNIFTY,EQ,279.34,0.27,1218.54,0.08,0.21
IRIS,EQ,288.85,-1.85,594.11,0.07,0.21
PRABHA,EQ,161.11,0.88,2205.69,0.13,0.21
SBGLP,EQ,34.95,4.24,606.09,0.57,0.2
HESTERBIO,EQ,1431.2,-0.35,1217.5,0.01,0.2
BLAL,EQ,191.16,-0.94,796.08,0.1,0.2
OSWALAGRO,EQ,47.44,-1.98,636.81,0.42,0.2
KRISHIVAL,EQ,320.1,1.67,820.36,0.06,0.2
KUANTUM,EQ,86.1,-2.81,751.34,0.23,0.2
SURAKSHA,EQ,260.3,-1.14,1355.66,0.08,0.2
SPECTRUM,EQ,1219,-1.27,1915.52,0.02,0.19
GANDHITUBE,EQ,714.6,-1.28,868.38,0.03,0.19
SIGNPOST,EQ,204.9,-2.04,1095.19,0.09,0.19
IFGLEXPOR,EQ,173.86,0.62,1253.16,0.11,0.19
AVTNPL,EQ,65.07,-0.78,990.91,0.28,0.18
SUKHJITS,EQ,177,-1.01,553.02,0.1,0.18
HLVLTD,EQ,8.46,-1.4,557.73,2.15,0.18
ACL,EQ,56.99,-2.41,525.29,0.31,0.18
CNL,EQ,683.5,-1.54,1026.39,0.03,0.18
SHALPAINTS,EQ,64.38,-0.71,538.93,0.27,0.18
ALICON,EQ,685,-0.51,1119.07,0.03,0.18
AFSL,EQ,201,-0.03,1018.24,0.09,0.17
HMVL,EQ,70.01,-0.13,515.77,0.25,0.17
PYRAMID,EQ,148.43,0.81,546,0.12,0.17
SUDARCOLOR,EQ,368.9,-0.16,851.49,0.05,0.17
YUKEN,EQ,783,2.27,1063.63,0.02,0.17
BANKBETA,EQ,61.73,0.69,3997.02,0.27,0.17
UNIENTER,EQ,122.01,-4.7,848.53,0.14,0.16
HMAAGRO,EQ,25.82,-1.68,1292.99,0.62,0.16
CONSOFINVT,EQ,173,2.14,559.25,0.09,0.15
ANUHPHR,EQ,73.15,0.23,733.14,0.2,0.15
RITCO,EQ,241.25,0.67,690.52,0.06,0.14
BANARISUG,EQ,3595.1,-0.08,4508.15,0,0.14
ABCOTS,EQ,417.05,1.34,915.99,0.03,0.14
KILITCH,EQ,312.6,-2.83,546.45,0.04,0.14
VIDHIING,EQ,317.85,2.1,1587.5,0.04,0.13
INNOVANA,EQ,364.95,-0.56,753.99,0.03,0.13
DHUNINV,EQ,999.6,-0.68,609.47,0.01,0.13
SAKAR,EQ,385.55,1.53,857.85,0.03,0.12
REPRO,EQ,394,-0.71,565.21,0.03,0.12
VHL,EQ,3269.9,-0.85,1043.6,0,0.11
WEALTH,EQ,828.9,3.07,883.19,0.01,0.11
PASHUPATI,EQ,799.8,-0.79,1262.4,0.01,0.11
DPSCLTD,EQ,8.85,-1.12,861.8,1.22,0.11
EVERESTIND,EQ,417,2.09,661.18,0.03,0.11
KAYA,EQ,339,-3.09,514.86,0.03,0.11
DIVGIITTS,EQ,596.95,-0.01,1825.65,0.02,0.1
THEINVEST,EQ,99.99,0,522.37,0.1,0.1
BOROSCI,EQ,105.64,-2.65,939.64,0.09,0.1
RUBYMILLS,EQ,198,1.7,662.11,0.05,0.1
NILKAMAL,EQ,1391.5,0.04,2076.47,0.01,0.1
AMNPLST,EQ,171.02,-2.13,940.95,0.06,0.1
GTPL,EQ,77.68,-1.53,873.61,0.11,0.09
NINSYS,EQ,338,-2.09,627.87,0.03,0.09
SESHAPAPER,EQ,220.61,-0.6,1391.35,0.04,0.08
MAGADSUGAR,EQ,420.35,-2.12,592.34,0.02,0.08
HINDCOMPOS,EQ,412,0.65,608.48,0.02,0.07
JAYAGROGN,EQ,177.5,0.46,532.5,0.04,0.07
LICNMID100,EQ,58.75,0.46,622.1,0.12,0.07
EMAMIPAP,EQ,83.25,-1.41,503.65,0.07,0.06
GLOSTERLTD,EQ,589.15,-0.33,644.72,0.01,0.06
SANDESH,EQ,1018,-2.16,770.57,0.01,0.06
ENIL,EQ,113.51,-2.92,541.11,0.05,0.06
GEECEE,EQ,311.05,0.53,650.46,0.02,0.05
HEXATRADEX,EQ,162,1.71,894.96,0.02,0.03
DMCC,EQ,225.2,-0.07,561.65,0.01,0.03
ELDEHSG,EQ,890,-0.26,875.14,0,0.03
NBIFIN,EQ,2088,-2.36,616.97,0,0.02
MSCIINDIA,EQ,30.15,0,1669.54,0.05,0.02
CHEVIOT,EQ,1009,-0.44,589.45,0,0.02
BANKADD,EQ,61.08,0.33,722.89,0.02,0.01
SVLL,EQ,669,-2.52,768.93,0,0.01
LICNFNHGP,EQ,282.72,-0.3,757.56,0,0.01
GKWLIMITED,EQ,1699.9,2.07,1014.25,0,0
